name,address,city,state,zip,phone,website,latitude,longitudeBig Daddy's BBQ & Banquet,107 Wickersham St,Fairbanks,AK,99701,(907) 452-2501,http://www.bigdaddysbarb-q.com,64.84394,-147.725963The Cookie Jar,1006 Cadillac Ct,Fairbanks,AK,99709,(907) 479-8319,http://www.cookiejarfairbanks.com,64.854567,-147.747484Silver Gulch Restaurant,2195 Old Steese Hwy N,Fox,AK,99712,(907) 452-2739,http://www.silvergulch.com,64.958222,-147.621624Country Cafe,235 N Santa Claus Ln,North Pole,AK,99705,(907) 488-8455,,64.755972,-147.354184Elf's Den Restaurant & Lounge,Richardson Hwy,North Pole,AK,99705,(907) 488-3268,,64.752728,-147.335877Pagoda Restaurant,431 N Santa Claus Ln,North Pole,AK,99705,(907) 488-3338,http://pagodanorthpole.com,64.758529,-147.354264Manci's Antique Club,1715 Main St.,Daphne,AL,36526,(251) 626-9917,http://www.manci.net,30.603456,-87.902848Gumbo Shack,212 & 1/2 Fairhope Ave.,Fairhope,AL,36532,(251) 928-4100,http://www.guysgumbo.com/,30.523031,-87.89099Panini Pete's,42 S Section St,Fairhope,AL,36532,(251) 929-0122,http://www.paninipetes.com,30.522109,-87.902952Aunt Lena's Creamery,Fulton Ranch Towne Center,Chandler,AZ,85248,(480) 802-1100,,33.30616,-111.84125Brandy's Restaurant & Bakery,1500 E Cedar Ave,Flagstaff,AZ,86004,(928) 779-2187,http://www.brandysrestaurant.com/,35.219215,-111.620667Salsa Brava,2220 E Rte 66,Flagstaff,AZ,86004,(928) 779-5293,http://www.salsabravaflagstaff.com/,35.203905,-111.615713Joe's Farm Grill,3000 East Ray Road Bldg. 1,Gilbert,AZ,85296,(480) 563-4745,http://www.joesfarmgrill.com,33.321824,-111.726057Haus Murphy's,5739 W Glendale Ave,Glendale,AZ,85301,(623) 939-2480,http://www.hausmurphys.com,33.538419,-112.182952La Piazza Al Forno,5803 W Glendale Ave,Glendale,AZ,85301,(623) 847-3301,http://www.lapiazzaalforno.com/,33.538396,-112.183975Thee Pitt's Again,5558 W. Bell Rd.,Glendale,AZ,85308,(602) 996-7488,http://www.theepittsagain.com,33.639345,-112.179069Chino Bandido,15414 N 19th Ave Suite K,Phoenix,AZ,85023,(602) 375-3639,http://www.chinobandido.com,33.626421,-112.10023Giuseppe's on 28th,2824 E Indian School Rd,Phoenix,AZ,85016,(602) 381-1237,http://www.giuseppeson28th.com,33.496255,-112.020529Los Taquitos,4747 E Elliot Rd,Phoenix,AZ,85044,(480) 753-4361,http://www.ltgrill.com/,33.348062,-111.982021Matt's Big Breakfast,801 N. 1st Street,Phoenix,AZ,85004,(602) 254-1074,http://www.mattsbigbreakfast.com,33.456758,-112.072346Over Easy,4037 N 40th St,Phoenix,AZ,85018,(602) 468-3447,http://www.eatatovereasy.com/,33.493785,-111.99542Roberto's Mexican Food,675 W. Union Hills Dr.,Phoenix,AZ,85027,(602) 439-7279,,33.653939,-112.082139Tomahawk Restaurant,Philip Ave,North Vancouver,BC,V7P 1N2,(604) 988-2612,http://www.tomahawkrestaurant.com/,49.325278,-123.113337Falconettis Eastside Grill,1812 Commercial Dr,Vancouver,BC,V5N,(604) 251-7287,http://www.falconettis.com/,49.268467,-123.069399Peaceful Restaurant,532 W Broadway,Vancouver,BC,V5Z,(604) 879-9878,http://www.peacefulrestaurant.com/,49.263234,-123.115995Red Wagon Cafe,2296 E Hastings St,Vancouver,BC,V5L,(604) 568-4565,http://www.redwagoncafe.com/,49.281172,-123.057947Save-on-Meats,43 W Hastings St,Vancouver,BC,V6B 1G4,(604) 569-3568,http://saveonmeats.ca/,49.281808,-123.106033Meal Ticket,1235 San Pablo Ave,Albany,CA,94706,(510) 526-6325,,37.881067,-122.295688Mama Cozza's Italian Restaurant,2170 W Ball Rd,Anaheim,CA,92804,(714) 635-0063,http://www.mamacozzas.com/,33.817386,-117.957713Napa Rose,1600 Disneyland Dr,Anaheim,CA,92802,(714) 300-7170,http://disneyland.disney.go.com/disneyland/en_US/hotels/dining/detail?name=NapaRoseDiningPage&bhcp=1,33.807635,-117.922193Mad Greek Diner,72112 Baker Blvd,Baker,CA,92309,(760) 733-4354,,35.265859,-116.074762900 Grayson,900 Grayson St,Berkeley,CA,94710,(510) 704-9900,http://www.900grayson.com/,37.855183,-122.292301Bette's Oceanview Diner,1807 4th St,Berkeley,CA,94710,(510) 644-3230,http://www.worldpantry.com/cgi-bin/ncommerce/ExecMacro/bettes/dinerinfo.d2w/report,37.869885,-122.300328Rick & Ann's Restaurant,2922 Domingo Ave,Berkeley,CA,94705,(510) 649-8538,http://www.rickandanns.com/,37.858586,-122.244178The Oinkster,2005 Colorado Blvd.,Eagle Rock,CA,90041,(323) 255-OINK,http://www.oinkster.com/concept.htm,34.139509,-118.210521Rudy's Can't Fail Cafe,4081 Hollis St,Emeryville,CA,94608,(510) 594-1221,http://www.rudyscantfailcafe.com/,37.83096,-122.285993Russian River Pub,11829 River Rd,Forestville,CA,95436,(707) 887-7932,http://www.russianriverpub.com,38.504202,-122.941226Paul's Coffee Shop,16947 Bushard St,Fountain Valley,CA,92708,(714) 965-3643,http://www.semperfinerdiner.com/,33.716832,-117.963694Jay Bee's Bar-B-Que,15915 S. Avalon Blvd.,Gardena,CA,90247,(310) 532-1064,http://www.jaybeesbbq.com/,33.886734,-118.265433Catelli's Restaurant,21047 Geyserville Ave,Geyserville,CA,95441,(707) 857-3471,http://www.mycatellis.com/,38.706751,-122.904531Mambo's Cafe,1701 Victory Blvd,Glendale,CA,91201,(818) 545-8613,http://mambosla.com/,34.161572,-118.300127Jimtown Store,6706 California 128,Healdsburg,CA,95448,(707) 433-1212,http://www.jimtown.com/,38.668877,-122.817254Cafe Citti,9047 Sonoma Hwy,Kenwood,CA,95452,(707) 833-2690,http://www.cafecitti.com/,38.418126,-122.55051At Last Cafe,204 Orange Ave,Long Beach,CA,90802,(562) 437-4837,http://www.jmchefcatering.com/,33.767963,-118.17673Schooner or Later,241 N. Marina Dr.,Long Beach,CA,90803,(562) 430-3495,http://www.schoonerorlater.com,33.752191,-118.108256Baby Blues BBQ,444 Lincoln Blvd,Los Angeles,CA,90291,(310) 396-7675,http://www.babybluesbarbq.com,34.00037,-118.465402Don Chow Tacos,11500 Tennessee Ave,Los Angeles,CA,90064,,http://www.donchowtacos.com/,34.034367,-118.442679Gloria's Cafe,10227 Venice Blvd,Los Angeles,CA,90034,(310) 838-0963,http://www.gloriascafela.com/,34.021572,-118.402733Mom's Tamales,3328 Pasadena Ave,Los Angeles,CA,90031,(323) 226-9383,http://www.momstamales.com/,34.083838,-118.213303Polka,4112 Verdugo Rd,Los Angeles,CA,90065,(323) 255-7887,http://www.polkacatering.com,34.125448,-118.231575The Nickel Diner,524 S Main St,Los Angeles,CA,90013,(213)  623-8301,http://5cdiner.com/,34.045909,-118.248799North End Caffe,3421 N Highland Ave,Manhattan Beach,CA,90266,(310) 546-4782,http://www.northendcaffe.net/,33.899534,-118.417386Aunt Mary's Cafe,4307 Telegraph Ave,Oakland,CA,94609,(510) 601-9227,http://www.auntmaryscafe.com/,37.831817,-122.264082Hodad's,5010 Newport Ave.,Ocean Beach,CA,92107,(619) 224-4623,http://www.hodadies.com/,32.747199,-117.251153Gorilla Barbeque,2145 Coast Hwy,Pacifica,CA,94044,(650) 359-7427,http://www.gorillabbq.com,37.613037,-122.48782Duarte's Tavern,202 Stage Rd.,Pescadero,CA,94060,(650) 879-0464,http://www.duartestavern.com,37.252196,-122.382778Ramona Cafe,628 Main St,Ramona,CA,92065,(760) 789-8656,http://www.ramonacafe.com,33.045018,-116.862679Fab Hot Dogs,6747 Tampa Ave,Reseda,CA,91335,(818) 344-4336,http://www.fabhotdogs.com/,34.193356,-118.553737Cafe Rolle,5737 H St,Sacramento,CA,95819,(916) 455-9140,http://www.caferolle.com,38.567392,-121.431626Dad's Kitchen,2968 Freeport Blvd,Sacramento,CA,95818,(916) 447-DADS,http://www.ilovedadskitchen.com/,38.550889,-121.4892Gatsby's Diner,2598 Alta Arden Expy,Sacramento,CA,95825,(916) 977-0102,http://gatsbysdiner.com/,38.599511,-121.402091Jamie's Broadway Grill,427 Broadway,Sacramento,CA,95818,(916) 442-4044,http://www.jamiesbroadwaygrille.com,38.565892,-121.507674Squeeze Inn,5301 Power Inn Rd,Sacramento,CA,95820,(916) 386-8599,http://www.thesqueezeinn.com/,38.526854,-121.408546The Golden Bear,2326 K St,Sacramento,CA,95816,(916) 441-2242,http://www.goldenbear916.com/,38.574029,-121.475488Bubba's Diner,566 San Anselmo Ave,San Anselmo,CA,94960,(415) 459-6862,http://www.bubbas-diner.net,37.975646,-122.562458Blue Water Seafood,3667 India St,San Diego,CA,92103,(619) 497-0914,http://www.bluewater.sandiegan.com/,32.742054,-117.179801El Indio,3695 India St.,San Diego,CA,92103,(619) 299-0333,http://www.el-indio.com,32.742281,-117.180145Hob Nob Hill,2271 1st Ave,San Diego,CA,92101,(619) 239-8176,http://www.hobnobhill.com,32.728987,-117.163743Pizzeria Luigi,1137 25th St,San Diego,CA,92102,(619) 233-3309,http://www.pizzerialuigi.com,32.717641,-117.140077Studio Diner,4701 Ruffin Rd.,San Diego,CA,92123,(858) 715-6400,http://www.studiodiner.com,32.825168,-117.127064Tioli's Crazy Burger,4201 30th Street,San Diego,CA,92104,619-282-6044,http://www.tioliscrazeeburger.com,32.754227,-117.129983Broken Record,1166 Geneva Ave,San Francisco,CA,94112,(415) 963-1713,http://www.brokenrecordsanfrancisco.com/,37.714326,-122.436926Dottie's True Blue Cafe,522 Jones St,San Francisco,CA,94102,(415) 885-2767,http://bourbonandbranch.com/,37.786172,-122.412852Grubstake Diner,1525 Pine Street,San Francisco,CA,94109,(415) 673-8268,http://www.sfgrubstake.com,37.789363,-122.420842HRD Coffee Shop,521 3rd St,San Francisco,CA,94107,(415) 543-2355,http://www.hrdcoffeeshop.com/,37.781202,-122.395225Joe's Cable Car,4320 Mission St.,San Francisco,CA,94112,(415) 334-6699,http://www.joescablecar.com,37.728461,-122.431903Pier 23 Cafe,pier 23 the embarcadero,San Francisco,CA,94111,(415) 362-5125,http://www.pier23cafe.com/main.php,37.803378,-122.400909Q Restaurant,225 Clement St,San Francisco,CA,94118,(415) 752-2298,http://www.qrestaurant.com/,37.782882,-122.4617Rocco's Cafe and Catering,1131 Folsom St,San Francisco,CA,94103,(415) 554-0522,http://www.roccoscafe.com/,37.775955,-122.408454Tee Off Bar and Grill,3129 Clement St,San Francisco,CA,94121,(415) 752-5439,http://www.teeoffbarandgrill.com/,37.781424,-122.492953Tommy's Joynt,1101 Geary Blvd,San Francisco,CA,94109,(415) 775-4216,http://www.tommysjoynt.com,37.785497,-122.421804Falafel's Drive-In,2301 Stevens Creek Blvd,San Jose,CA,95128,(408) 294-7886,http://www.falafelsdrivein.com,37.323653,-121.935043Los Tapatios,1141 Old Bayshore Highway,San Jose,CA,95112,(408) 729-6199,,37.364003,-121.896307Naglee Park Garage,505 E San Carlos St,San Jose,CA,95112,(408) 286-1100,http://www.nagleeparkgarage.com/,37.336858,-121.876192Gaffey Street Diner,247 N Gaffey St,San Pedro,CA,90731,(310) 548-6724,,33.74501,-118.292661Sol Food,732 4th St,San Rafael,CA,94901,(415) 451-4765,http://www.solfoodrestaurant.com,37.972629,-122.523616Aldo's Harbor Restaurant,616 Atlantic Ave,Santa Cruz,CA,95062,(831) 426-3736,http://www.aldos-cruz.com/,36.96397,-122.002798Santa Cruz Diner,909 Ocean St,Santa Cruz,CA,95060,(831) 426-7151,http://www.santacruzdiner.com,36.980345,-122.021858Patrick's Roadhouse,106 Entrada Dr,Santa Monica,CA,90402,(310) 459-4544,http://www.patricksroadhouse.info/,34.027876,-118.518413Antojitos La Texanita,1667 Sebastopol Rd,Santa Rosa,CA,95407,(707) 525-1905,,38.427847,-122.738307Hank's Creekside Restaurant,2800 4th St,Santa Rosa,CA,95405,(707) 575-8839,http://www.sterba.com/sro/creekside/,38.449293,-122.688951Willie Bird's Restaurant,1150 Santa Rosa Ave.,Santa Rosa,CA,95404,(707)-542-0861,http://www.williebird.com,38.426003,-122.713206Worth Our Weight,1021 Hahman Dr,Santa Rosa,CA,95405,(707) 544-1200,http://www.worthourweight.com/,38.441553,-122.685679Brats Brothers,13456 Ventura Blvd,Sherman Oaks,CA,91423,(818) 986-4020,http://www.bratsbrothers.com/,34.147016,-118.426869Schellville Grill,22900 Broadway,Sonoma,CA,95476,(707) 996-5151,http://www.schellvillegrill.com,38.244382,-122.448882Sunflower Caffe Espresso & Wine Bar,421 1st St W,Sonoma,CA,95476,(707) 996-6645,http://www.sonomasunflower.com/,38.293441,-122.458915Taylor's Automatic Refresher,933 Main St,St Helena,CA,94574,(707) 963-3486,http://www.taylorsrefresher.com,38.501897,-122.465448Burger Me,10418 Donner Pass Rd,Truckee,CA,96161,(530) 587-8852,,39.325508,-120.19122JAX at the Tracks,10144 W River St,Truckee,CA,96161,(530) 550-7450,http://jaxtruckee.com/media.html,39.327434,-120.184096Emma Jean's Holland Burger Cafe,17143 D Street on Rt. 66,Victorville,CA,92394,(760) 243-9938,http://www.hollandburger.com/home.html,34.536107,-117.291156Giusti's,14743 Walnut Grove Thornton Rd,Walnut Grove,CA,95690,(916) 776-1808,http://www.giustis.com,38.223644,-121.507182Putah Creek Cafe,210 Railroad Ave,Winters,CA,95694,(530) 795-2682,http://www2.buckhornsteakhouse.com/item.asp?id=3,38.521524,-121.968919Foolish Craig's Cafe,1611 Pearl St,Boulder,CO,80302,(303) 247-9383,http://foolishcraigs.com/page/nvot/Home_Page.html,40.019327,-105.274493The Sink,1165 13th St,Boulder,CO,80302,(303) 444-7465,http://www.thesink.com/,40.008581,-105.276405Lauer Krauts,26 N 6th Ave,Brighton,CO,80601,(303) 654-9700,http://lauer-krauts.com/default.aspx,39.986972,-104.815374Bang!,3472 W 32nd Ave,Denver,CO,80211,(303) 455-1117,http://www.bangdenver.com/,39.761932,-105.033994Sam's No. 3,1500 Curtis St,Denver,CO,80202,(303) 534-1927,http://samsno3.com/,39.746282,-104.995692Steuben's,523 E 17th Ave,Denver,CO,80203,(303) 830-1001,http://www.steubens.com/,39.743521,-104.980365The Bagel Deli,6439 E Hampden Ave,Denver,CO,80222,(303) 756-6667,http://bageldeli.com/,39.6542,-104.914089Tocabe,3536 W 44th Ave,Denver,CO,80211,(720) 524-8282,http://www.tocabe.com/,39.776496,-105.034255Merritt Canteen,4355 Main St,Bridgeport,CT,6606,(203) 372-1416,http://www.merrittcanteen.com/welcome.htm,41.219074,-73.216271Corey's Catsup & Mustard,623 Main St,Central Manchester,CT,6040,(860) 432-7755,http://catsupandmustard.com/,41.773841,-72.521071Super Duper Weenie,306 Black Rock Tpke,Fairfield,CT,6825,(203) 334-3647,http://www.superduperweenie.com,41.16406,-73.233673Wilson's Holy Smoke BBQ,1851 Post Rd,Fairfield,CT,6824,(203) 319-7427,http://www.wilsons-bbq.com,41.140903,-73.264252O'Rourke's Diner,728 Main St,Middletown,CT,6457,(860) 346-6101,http://www.orourkesdiner.com,41.565926,-72.652535Valencia Luncheria,72 Main St,Norwalk,CT,6851,(203) 846-8009,http://www.valencialuncheria.com,41.120849,-73.413098Black Duck Cafe,605 Riverside Ave,Westport,CT,6880,(203) 227-7978,http://www.niteimage.com/clubs/blackduck/blackduckcafe.htm,41.120322,-73.369701Comet Ping Pong,5037 Connecticut Ave NW,Washington,DC,20008,(202) 364-0404,http://www.cometpingpong.com/,38.955972,-77.069892Oohhs & Aahhs Soul Food,1005 U St NW,Washington,DC,20001,(202) 667-7142,http://www.oohhsnaahhs.com/,38.917205,-77.026265Tortilla Cafe,210 7th St SE,Washington,DC,20003,(202) 547-5700,http://tortillacafe.com/,38.886968,-76.995652Tune Inn Restaurant & Bar,331 Pennsylvania Ave SE,Washington,DC,20003,(202) 543-2725,,38.886369,-77.001167Culhane's Irish Pub,967 Atlantic Blvd,Atlantic Beach,FL,32233,(904) 249-9595,http://www.culhanesirishpub.com/,30.325773,-81.410795Flakowitz of Boynton,7410 Boynton Beach Blvd,Boynton Beach,FL,33437,(561) 742-4144,http://www.flakowitzofboynton.com/,26.526242,-80.162687Jose's Real Cuban Food,8799 Cortez Rd W,Bradenton,FL,34210,(941) 795-4898,http://josesrealcubanfood.com/,27.461464,-82.649786Grampa's Bakery & Restaurant,17 SW First Street,Dania Beach,FL,33004,(954) 923-2163,http://www.grampasbakery.com/,26.050733,-80.144173Whale's Rib Raw Bar,2031 NE 2nd Street,Deerfield Beach,FL,33441,(954) 421-8880,,26.316699,-80.076565Sonny's Famous Steak Hoagies,1857 NW 66th Ave,Hollywood,FL,33024,(954) 989-0561,,26.025638,-80.220443Keegan's Seafood Grille,1519 Gulf Blvd.,Indian Rocks Beach,FL,33785,(727) 596-2477,http://www.keegansseafood.com,27.898657,-82.84787613 Gypsies,887 Stockton St,Jacksonville,FL,32204,(904) 389-0330,http://www.13gypsies.com/,30.315095,-81.689063Metro Diner,3302 Hendricks Ave,Jacksonville,FL,32207,(904) 398-3701,http://www.metrodinerjax.com/,30.291148,-81.648882Singletons Seafood Shack,4728 Ocean St,Jacksonville,FL,32233,(516) 826-1610,http://www.singletonsseafoodshack.com/,30.394549,-81.430345Jamaica Kitchen,8736 Sunset Drive,Kendall Lakes,FL,33173,(305) 596-2585,http://www.jamaicakitchen.com,25.701844,-80.343534Havana Hideout,509 Lake Ave,Lake Worth,FL,33460,(561) 585-8444,http://havanahideout.com,26.615638,-80.053833La Camaronera Fish Market,1952 W Flagler St,Miami,FL,33135,(305) 642-3322,http://garciabrothersseafood.com,25.772327,-80.227666Scully's Tavern,9809 SW 72nd St.,Miami,FL,33173,(305) 271-7404,http://scullystavern.com/,25.702142,-80.35199811th Street Diner,1065 Washington Avenue,Miami Beach,FL,33139,(305) 354-6373,http://www.eleventhstreetdiner.com,25.781806,-80.132296Tap Tap Restaurant,819 5th St,Miami Beach,FL,33139,(305) 672-2898,http://www.taptaprestaurant.com/,25.774807,-80.136556Blue Marlin Fish House,2500 NE 163rd St,North Miami Bch,FL,33160,(305) 957-8822,http://www.bluemarlinfishhouse.com/,25.925394,-80.149707Alpine Steakhouse,4520 S. Tamiami Trail,Sarasota,FL,34231,(941) 922-3797,http://www.alpinesteak.com,27.288047,-82.531089Benny's Seafood Restaurant,2500 SW 107th Ave.,South Miami,FL,33165,(305) 227-1232,http://www.bennyseafood.com,25.745837,-80.368651Ted Peters Famous Smoked Fish,1350 Pasadena Ave,South Pasadena,FL,33707,(727) 381-7931,,27.75589,-82.736816Munch's Sundries and Restaurant,3920 6th St S,St Petersburg,FL,33705,(727) 896-5972,http://munchburger.com/,27.732997,-82.64056California Tacos To Go,1450 Skipper Rd,Tampa,FL,33613,(813) 971-8226,http://californiatacostogo.com/,28.081429,-82.443805Tampa Bay Brewing Company,1600 E 8th Ave,Tampa,FL,33605,(813) 247-1422,http://www.tampabaybrewingcompany.com/,27.960655,-82.441628Tampa Taco Bus,913 E Hillsborough Ave,Tampa,FL,33603,(813) 232-5889,http://tampatacobus.com/,27.995771,-82.45028Cabbage Town Market *closed*,198 Carroll St SE,Atlanta,GA,30312,(404) 221-9186,http://www.cabbagetownmarket.com,33.749216,-84.367923Colonnade,1879 Cheshire Bridge Road NE,Atlanta,GA,30084,(404) 874-5642,http://www.colonnadeatl.com/,33.80925,-84.360929The Highlander,931 Monroe Dr. Suite C-101,Atlanta,GA,30308,(404) 872-0060,http://www.thehighlanderatlanta.com,33.779756,-84.367847The Silver Skillet,200 14th St Nw,Atlanta,GA,30318,(404) 874-1388,http://thesilverskillet.com,33.786238,-84.394261Marietta Diner,306 Cobb Parkway,Marietta,GA,30060,(770) 423-9390,http://www.mariettadiner.net,33.944756,-84.517488Southern Soul BBQ,2020 Demere Rd,St Simons,GA,31522,(912) 638-SOUL,http://www.southernsoulbbq.com/,31.159633,-81.387938Blackwater Grill,260 Redfern Dr,St Simons Island,GA,31522,(912) 634-6333,http://www.blackwatergrill.com/,31.169334,-81.389151Matthews Cafeteria,2299 Main Street,Tucker,GA,30084,(770) 939-2357,http://www.matthewscafeteria.com,33.852098,-84.213555Hank's Haute Dogs,324 Coral St,Honolulu,HI,96805,(808) 532-4265,http://www.hankshautedogs.com,21.297929,-157.861039Murphy's Bar & Grill,2 Merchant St,Honolulu,HI,96813,(808) 531-0422,http://gomurphys.com/index.html,21.31014,-157.863389Nico's Pier 38,1133 N Nimitz Hwy,Honolulu,HI,96817,(808) 540-1377,http://www.nicospier38.com/,21.318587,-157.877667Rainbow Drive-In,3308 Kanaina Ave,Honolulu,HI,96815,(808) 737-0177,http://www.rainbowdrivein.com,21.275926,-157.814544Germaine's Luau,91-119 Olai St,Kapolei,HI,96707,(800) 367-5655,http://www.germainesluau.com/index.htm,21.29647,-158.105473Poke Stop,1840 Meheula Pkwy,Mililani Town,HI,96789,(808) 626-3400,http://www.poke-stop.com/restaurant.php,21.468072,-158.002441Highway Inn,94-226 Leoku St,Waipahu,HI,96797,(808) 677-4345,http://www.myhighwayinn.com,21.379154,-158.024678Donnie Mac's Trailer Park Cuisine *closed*,1515 W Grove St,Boise,ID,83702,(208) 384-9008,http://donniemacgrub.com/,43.619152,-116.21329Bar Gernika,202 S Capitol Blvd,Boise City,ID,83702,(208)344-2175,http://www.bargernika.com,43.614072,-116.202967Donn's Hill Top - Kodiak Grill,12342 E Hwy 21,Boise City,ID,83716,(208) 338-8859,,43.570815,-116.026955PizzalChik,7330 W State St,Boise City,ID,83714,(208) 853-7757,http://www.pizzalchik.com/,43.66873,-116.279703West Side Drive-In,1939 W State St,Boise City,ID,83702,(208) 342-2957,http://www.cheflou.com/,43.626117,-116.214942Capone's Pub & Grill,751 N 4th St,Coeur d'Alene,ID,83814,(208) 667-4843,http://caponespub.com/,47.680152,-116.781324Jimmy's Down The Street Cafe,1613 E Sherman Ave,Coeur d'Alene,ID,83814,(208) 765-3868,http://www.jimmysdownthestreet.com/,47.673492,-116.762511Rick's Press Room Grill and Bar,130 E Idaho Ave,Meridian,ID,83642,(208) 288-0558,http://www.rickspressroom.net/,43.611304,-116.39061Frosted Mug *closed*,11541 S Pulaski Rd,Alsip,IL,60803,(574) 259-0214,,41.682393,-87.71967Chuck's Southern Comforts Cafe,6501 W 79th St,Burbank,IL,60459,(708) 229-8700,http://www.chuckscafe.com/,41.74804,-87.782966Big & Littles,939 N Orleans St,Chicago,IL,60610,,,41.900045,-87.637017Cemita's Puebla,3619 W North Ave,Chicago,IL,60647,(773) 772-8435,http://www.cemitaspuebla.com/,41.909728,-87.717612Chilam Balam,3023 N Broadway St,Chicago,IL,60657,(773) 296 6901,http://www.chilambalamchicago.com/,41.936775,-87.644281DMK Burger Bar,2954 N Sheffield Ave,Chicago,IL,60657,(773) 360-8686,http://www.dmkburgerbar.com/,41.936057,-87.654147Galewood Cookshack,2135 N Milwaukee Ave,Chicago,IL,60647,(773) 470-8334,http://www.galewoodcookshack.com/Site/home.html,41.920157,-87.692194Garifuna Flava Caribbean Cuisine,2516 W 63rd St,Chicago,IL,60629,(773) 776-7440,http://www.garifunaflava.com/,41.779497,-87.686845Glenn's Diner,1820 West Montrose Avenue,Chicago,IL,60613,(773) 506-1720,http://www.glennsdiner.com,41.961738,-87.675514Honky Tonk BBQ,1213 W 18th St,Chicago,IL,60608,(312) 226-7427,http://www.honkytonkbbqchicago.com/,41.857939,-87.656985Irazu,1865 N Milwaukee Ave,Chicago,IL,60647,(773) 252-5687,http://www.irazuchicago.com/,41.915537,-87.685056Kuma's Corner,2900 W Belmont Ave,Chicago,IL,60618,(773) 604-8769,http://www.kumas-corner.com/,41.939516,-87.700447Nana Organic,3267 S Halsted St,Chicago,IL,60608,(312) 929-2486,http://www.nanaorganic.com/live/,41.834543,-87.645954Panozzo's Italian Market,1865 N Milwaukee Ave,Chicago,IL,60647,(312) 356-9966,http://www.panozzos.com/home/,41.915537,-87.685056Smoque,3800 N. Pulaski Rd.,Chicago,IL,60641,(773) 545-7427,http://www.smoquebbq.com/,41.950185,-87.727698Taste of Peru,6545 N Clark St,Chicago,IL,60626,(773) 381-4540,http://www.tasteofperu.com/,42.001323,-87.671275The Depot American Diner,5840 W Roosevelt Rd,Chicago,IL,60644,(773) 261-8422,,41.865515,-87.770601Tre Kronor,3258 W Foster Ave,Chicago,IL,60625,(773) 267-9888,http://www.trekronorrestaurant.com/,41.975912,-87.710989Tufano's Vernon Park Tap,1073 W Vernon Park Pl,Chicago,IL,60607,(312) 733-3393,,41.872875,-87.654017Vito & Nick's Pizzeria,8433 S Pulaski Rd,Chicago,IL,60652,(773) 735-2050,http://www.vitoandnick.com,41.739274,-87.721318White Palace Grill,1159 S. Canal St.,Chicago,IL,60607,(312) 939-7167,www.thediningcarandmarket.com,41.86755,-87.638968Paradise Pup,1724 S. River Rd.,Des Plaines,IL,60018,(847) 699-8590,,42.022159,-87.876079Hackney's,1241 Harms Rd,Glenview,IL,60025,(847) 724-5577,http://www.hackneys.net,42.077965,-87.770014Charlie Parker's,700 North St.,Springfield,IL,62704,(217) 241-2104,http://www.charlieparkersdiner.net/,39.766076,-89.663594The Shanty,38995 N Old Highway 41,Wadsworth,IL,60083,(841) 336-0262,http://www.theshantyrestaurant.com/,42.444372,-87.939323Dell Rhea's Chicken Basket,645 Joliet Rd,Willowbrook,IL,60527,(630) 325-0780,http://www.chickenbasket.com/,41.74561,-87.939204Jerseys Cafe,13710 N Meridian St,Carmel,IN,46032,(317) 846-7760,http://www.facebook.com/pages/Carmel/Jerseys-Cafe/220350423522?v=info,39.987641,-86.138685South Side Soda Shop,1122 S Main St,Goshen,IN,46526,(574) 534-3790,http://www.southsidesodashopdiner.com/,41.57174,-85.8297843 Sisters Cafe,6360 Guilford Ave,Indianapolis,IN,46220,(317) 257-5556,http://www.3sisterscafein.com/ordereze/1000/Page.aspx,39.871941,-86.143065Steer-In Restaurant,5130 E 10th St,Indianapolis,IN,46219,(317) 356-0996,http://www.steerin.net/,39.781813,-86.082333The Barking Dog Cafe,115 E 49th St,Indianapolis,IN,46205,(317) 924-2233,http://www.barkingdogindy.com/index.html,39.842518,-86.154111The Tamale Place,5242 Rockville Rd,Indianapolis,IN,46224,(317) 248-9771,http://www.thetamaleplace.com/,39.76551,-86.249917Zest-Exciting Food Creations,1134 E 54th St,Indianapolis,IN,46220,(317) 466-1853,http://www.zestexcitingfood.com/,39.851459,-86.138688Zydeco's,11 E Main St,Mooresville,IN,46158,(317) 834-3900,http://www.zydecos.net/,39.612567,-86.374356Triple X Restaurant,2 N Salisbury St,West Lafayette,IN,47906,(765) 743-5373,http://www.triplexxxfamilyrestaurant.com,40.422715,-86.905365Cafe on the Route,1101 Military Ave.,Baxter Springs,KS,66713,(620) 856-5646,http://www.cafeontheroute.com,37.02465,-94.735278Woodyard Bar-B-Que,3001 Merriam Ln,Kansas City,KS,66106,(913) 362-8000,http://www.woodyardbbq.com/,39.045578,-94.662458Johnny's Hickory House Bar-B-Q,5959 Broadmoor St,Mission,KS,66202,(913) 432-0777,http://johnnysbbq.net,39.020761,-94.665238RJ's Bob-Be-Que,5835 Lamar Ave,Mission,KS,66202,(913) 262-7300,http://www.rjsbbq.com/,39.022812,-94.658092BBQ Shack,705 N. Pearl St.,Paola,KS,66071,(913) 294-5908,http://www.thebbqshack.com,38.579472,-94.8752Bobo Drive In,2300 SW 10th Ave.,Topeka,KS,66604,(785) 234-4511,,39.051556,-95.706284Brint's Diner,4834 E Lincoln St,Wichita,KS,67218,(316) 684-0290,,37.672859,-97.279162Virgil's Cafe,710 Fairfield Ave,Bellevue,KY,41073,(859) 491-3287,http://www.virgilscafe.com/,39.108768,-84.480083Rick's White Light Diner,114 Bridge St,Frankfort,KY,40601,(502) 330-4262,http://rickswhitelightdiner.com/,38.195497,-84.879058J.J.McBrewster's American Smokehouse,3101 Clays Mill Road #301,Lexington,KY,40503,(859) 224-0040,http://www.jjmcbrewsters.com/,38.002837,-84.545874The Parkette Drive-in,1216 E New Circle Rd,Lexington-Fayette,KY,40505,(859) 254-8723,http://www.theparkette.com/,38.031359,-84.452867Smokey Valley Truck Stop,40 Bond Ln,Olive Hill,KY,41164,(606) 286-5001,,38.298765,-83.208987Wallace Station,3854 Old Frankfort Pike,Versailles,KY,40383,(859) 846-5161,http://www.wallacestation.com/Wallace_Station_Deli_and_Bakery/Home.html,38.121252,-84.693978The Rivershack Tavern,3449 River Rd.,Jefferson,LA,70121,(504) 834-4938,http://www.therivershacktavern.com,29.958358,-90.160986Louie & the Red Head Lady,1851 Florida St,Mandeville,LA,70448,(985) 626-8101,http://www.louieandtheredheadlady.com/,30.362803,-90.059344Casamento's Restaurant,4330 Magazine St.,New Orleans,LA,70115,(504) 895-9761,http://www.casamentosrestaurant.com/main/main.html,29.920594,-90.101054Joey K's,3001 Magazine St,New Orleans,LA,70115,(504) 891-0997,http://www.joeyksrestaurant.com,29.925116,-90.084842Katie's Restaurant,3701 Iberville St,New Orleans,LA,70119,,http://www.katiesinmidcity.com/menu.htm,29.973086,-90.095906Mahony's PO Boy Shop,3454 Magazine St,New Orleans,LA,70115,(504) 899-3374,http://www.mahonyspoboys.com/,29.922227,-90.090322Parasol's Restaurant & Bar,2533 Constance St,New Orleans,LA,70130,(504) 897-5413,http://www.parasols.com,29.926484,-90.08017Sammy's Food Services & Deli,3000 Elysian Fields Ave,New Orleans,LA,70122,(504) 947-0675,http://sammysfood.com/index.php?option=com_wrapper&Itemid=34,29.988937,-90.058867Surrey's Cafe,1418 Magazine St,New Orleans,LA,70130,(504) 524-3828,http://www.surreyscafeandjuicebar.com,29.935856,-90.071717The Creole Creamery,4924 Prytania Street,New Orleans,LA,70115,(504) 894-8680,http://www.creolecreamery.com,29.924367,-90.108502The Joint,801 Poland Ave,New Orleans,LA,70117,(504) 949-3232,http://www.alwayssmokin.com,29.961665,-90.032205The Old Coffee Pot Restaurant,714 Saint Peter Street,New Orleans,LA,70116,(504) 524-3500,http://www.theoldcoffeepot.com/,29.958158,-90.06516L A Pines Cafe,1061 Robert Blvd,Slidell,LA,70458,(985) 641-6196,http://www.lapinescafe.com/,30.289281,-89.771087Morin's Hometown Bar & Grille,16 S Main St,Attleboro,MA,2703,(508) 222-9875,http://www.morinsdiner.com/,41.944076,-71.283811Mike's City Diner,1714 Washington St,Boston,MA,2118,(617) 267-9393,http://www.mikescitydiner.com/,42.336947,-71.07601Rino's Place,258 Saratoga St,Boston,MA,2128,(617) 567-7412,http://www.rinosplace.com/,42.378294,-71.032076Sam La Grassa's,44 Province St,Boston,MA,2108,(617) 357-6861,http://www.samlagrassas.com,42.356872,-71.05992Bartley's Burger Cottage,1246 Massachusetts Ave,Cambridge,MA,2138,(617) 354-6559,http://www.mrbartley.com,42.372521,-71.116321Greek Corner,2366 Massachusetts Ave,Cambridge,MA,2140,(617) 661-5655,http://www.greekcorner.us/,42.396358,-71.129563The Little Depot Diner *closed*,1 Railroad Ave,Peabody,MA,1960,(978) 977-7775,http://www.thelittledepotdiner.com/,42.527054,-70.927553The Lobster Shanty,25 Front St,Salem,MA,1970,(978) 745-5449,http://www.lobstershantysalem.com/,42.520501,-70.894454Kelly's Diner,674 Broadway,Somerville,MA,2144,(617) 623-8102,http://www.kellysdiner.net,42.399533,-71.111651JT Farnham's Seafood & Grill,88 Eastern Ave.,South Essex,MA,1929,(978) 768-6643,,42.633029,-70.762848Charlie's Diner,32 West Main St.,Spencer,MA,1562,(508) 885-4033,http://www.charliesdiner.com/,42.236487,-72.007408Blue Moon Cafe,1621 Aliceanna St.,Baltimore,MD,21321,410-522-3940,,39.283286,-76.594225Brick Oven Pizza,800 S Broadway,Baltimore,MD,21231,410-563-1600,http://www.boppizza.com,39.282452,-76.593631Broadway Diner,6501 Eastern Ave,Baltimore,MD,21224,410-631-5666,http://www.broadwaydiner1.com,39.287494,-76.536548Chaps Pit Beef,5801 Pulaski Highway,Baltimore,MD,21205,410-483-2379,http://www.chapspitbeef.com,39.301302,-76.548062Di Pasquale's,3700 Gough St,Baltimore,MD,21224,410-276-6787,http://www.dipasquales.com,39.288904,-76.566489G&A Restaurant,3802 Eastern Avenue,Baltimore,MD,21224,410-276-9422,http://www.gandarestaurant.com/,39.286986,-76.565114Stoney Creek Inn,8238 Fort Smallwood Road,Baltimore,MD,21226,(410) 439-3123,http://www.stoneycreekinnrestaurant.com,39.163937,-76.527147General Store and Post Office Tavern,6 Post Office Rd,Silver Spring,MD,20910,(301) 562-8787,,39.015184,-77.05561A1 Diner,3 Bridge St,Gardiner,ME,4345,(207) 582-5586,http://www.a1diner.com,44.23007,-69.774553Bob's Clam Hut,315 US Route 1,Kittery,ME,3904,(207) 439-4233,http://www.bobsclamhut.com/home.htm,43.113941,-70.730413Becky's Diner,390 Commercial St,Portland,ME,4101,(207) 773-7070,http://www.beckysdiner.com/,43.650676,-70.25698Porthole Restaurant,20 Custom House Wharf,Portland,ME,4101,(207) 780-6533,http://www.portholemaine.com/PortholeLocation.html,43.656434,-70.250176Maine Diner,2265 Post Rd,Wells,ME,4090,(207) 646-4441,http://www.mainediner.com/,43.341794,-70.563127Krazy Jim's Blimpy Burger,551 S. Division St.,Ann Arbor,MI,48104,(734) 663-4590,http://www.blimpyburger.com,42.27454,-83.744323Clarkston Union Bar & Kitchen,S Main St,Clarkston,MI,48346,(248) 620-6100,https://www.facebook.com/pages/Clarkston-Union-Bar-Kitchen/122184694498029,42.72836,-83.418847Union Wood Shop,18 S Main St,Clarkston,MI,48346,(248) 625-5660,,42.735433,-83.418863The Fly Trap,22950 Woodward Ave.,Ferndale,MI,48220,(248) 399-5150,http://www.theflytrapferndale.com,42.462204,-83.135149Polish Village Cafթ,2990 Yemans St,Hamtramck,MI,48212,(313) 874-5726,http://www.thepolishvillagecafe.com/,42.398103,-83.056651Joe's Gizzard City,120 W. Main St.,Potterville,MI,48876,(517) 645-2120,http://www.gizzardcity.com/Welcome.html,42.629589,-84.742524Rosie's Diner,4500 14 Mile Rd NE,Rockford,MI,49341,(616) 866-3663,http://www.rosiesdiner.com,43.176105,-85.55872Q-Fanatic BBQ and Grill,180 Miller Rd,Champlin,MN,55316,(763) 323-6550,http://qfanatic.com/,45.18809,-93.395221Gordy's Hi-Hat,415 Sunnyside Dr,Cloquet,MN,55720,(218) 879-6125,http://www.gordys-hihat.com/,46.733684,-92.46789At Saras Table Chester Creek Cafe,1902 E 8th St,Duluth,MN,55812,(218) 723-8569,http://www.taransmarketplace.com/,46.810365,-92.082933Duluth Grill,118 S 27th Ave W,Duluth,MN,55806,(218) 726-1150,http://www.duluthgrill.com/,46.760614,-92.13005Northern Waters Smokehaus,394 Lake Ave S,Duluth,MN,55802,(218) 724-7307,http://www.northernwaterssmokehaus.com/,46.781948,-92.094636Al's Breakfast,413 14th Ave SE,Minneapolis,MN,55414,(612) 331-9991,,44.981061,-93.235656Bryant-Lake Bowl,801 W Lake St.,Minneapolis,MN,55408,612-825-3737,http://www.bryantlakebowl.com,44.94807,-93.289736Colossal Cafe,1839 E 42nd St,Minneapolis,MN,55407,(612) 729-2377,http://www.colossalcafe.com/,44.92677,-93.246593Emily's Lebanese Deli,641 University Ave NE,Minneapolis,MN,55413,(612) 379-4069,http://www.emilyslebanesedeli.com/,44.995645,-93.26134Kramarczuk Sausage Company,215 E Hennepin Ave,Minneapolis,MN,55413,(612) 379-3018,http://www.kramarczuk.com/,44.98789,-93.257365Psycho Suzie's Motor Lounge,2519 Marshall St. NE,Minneapolis,MN,55418,(612) 788-9069,http://www.psychosuzis.com,45.007557,-93.272442The Modern Cafe,337 13th Ave NE,Minneapolis,MN,55413,(612) 378-9882,http://moderncafeminneapolis.com,45.001065,-93.262708The Wienery,414 Cedar Ave. S.,Minneapolis,MN,55454,612-333-5798,http://www.wienery.com/about.html,44.969595,-93.247446Town Talk Diner *closed*,2707 1/2 E Lake St,Minneapolis,MN,55406,612-722-1312,,44.948011,-93.249028Victor's 1959 Cafe,3756 Grand Ave S,Minneapolis,MN,55409,(612) 827-8948,http://www.victors1959cafe.com,44.934233,-93.284728Dari-ette Drive-In,1440 Minnehaha Ave E,St Paul,MN,55106,(651) 776-3470,,44.962919,-93.039762The Blue Door Pub,1811 Selby Ave,St Paul,MN,55104,(651) 493-1865,http://www.thebluedoorpubmn.com/,44.946728,-93.176753The Nook,492 Hamline Ave. S.,St. Paul,MN,55116,(651) 698-4347,http://www.crnook.com/,44.92657,-93.156669Donatelli's,2692 E County Road E,White Bear Lake,MN,55110,(651) 777-9199,http://www.donatellis.com,45.049588,-92.98667539th Street Mama's *closed*,3906 Waddell Ave.,Kansas City,MO,64111,(816) 531-6422,http://www.facebook.com/pages/Mamas-39th-Street-Diner/55005599947,39.056601,-94.596049Grinders,417 E. 18th St.,Kansas City,MO,64108,(816) 472-5454,http://www.grinderspizza.com,39.091442,-94.578109Happy Gillis Cafe & Hang Out,549 Gillis St,Kansas City,MO,64106,(816) 471-3663,http://www.happysoupeater.com/,39.108998,-94.570275Smokin Guns BBQ & Catering,1218 Swift Avenue,Kansas City,MO,64116,(816) 221-2535,http://www.smokingunsbbq.com/,39.1312,-94.577767Swagger Fine Spirits and Food,8431 Wornall Rd,Kansas City,MO,64114,(816) 361-4388,http://www.swaggerkc.com/wordpress/,38.974771,-94.594644The Brick,1727 McGee St,Kansas City,MO,64108,(816) 421-1634,,39.092327,-94.579764YJ's Snack Bar,128 W. 18th St.,Kansas City,MO,64108,(816) 472-5533,,39.092004,-94.585697Iron Barley,5510 Virginia Ave.,St. Louis,MO,63111,(314) 351-4500,http://www.ironbarley.com,38.564807,-90.245906Sweetie Pie's,4270 Manchester Ave.,St. Louis,MO,63110,(314) 371-0304,,38.62683,-90.256709Blow Fly Inn,1201 Washington Ave,Gulfport,MS,39507,(228) 896-9812,http://www.blowflyinn.com,30.403807,-89.031409Darwell's Cafe,127 E. First St.,Long Beach,MS,39560,228-868-8946,http://www.darwellscafe.com,30.35073,-89.149071The Shed,7501 Hwy 57,Ocean Springs,MS,39565,(228) 875-9590,http://www.theshedbbq.com,30.44732,-88.718422Barbecue King Drive-In,2900 Wilkinson Blvd,Charlotte,NC,28208,(704) 399-8344,http://www.barbqking.com,35.224489,-80.889125Cabo Fish Taco,3201 N Davidson St,Charlotte,NC,28205,(704) 332-8868,http://www.cabofishtaco.com/,35.247251,-80.805827Dish,1220 Thomas Ave,Charlotte,NC,28205,(704) 344-0343,http://www.eatatdish.com/,35.219753,-80.812121Jake's Good Eats,12721 Albemarle Rd,Charlotte,NC,28227,(704) 545-4741,http://www.jakesgoodeats.com,35.223722,-80.638651Landmark Restaurant Diner,4429 Central Ave,Charlotte,NC,28205,(704) 532-1153,,35.213961,-80.769473South 21 Drive In,3101 E Independence Blvd,Charlotte,NC,28205,(704) 377-4509,http://www.south21drivein.com/,35.203303,-80.790459Amato's,6405 Center Street,Omaha,NE,68016,402-558-5010,http://www.amatos.com/,41.237616,-96.012243Big Mama's Kitchen & Catering,3223 North 45th Street,Omaha,NE,68104,(402) 455-6262,http://www.bigmamaskitchen.com,41.287989,-95.980577Brewburgers,4629 South 108th Street,Omaha,NE,68137,402-614-7644,http://www.brewburgersomaha.com,41.213184,-96.080681California Tacos,3235 California St,Omaha,NE,68131,(402) 342-0212,http://www.californiatacosandmore.com/,41.264636,-95.961377Dixie Quicks,157 West Broadway,Council Bluffs,IA,51503,(712) 256-4140,http://www.dixiequicks.com/dq/dixiequicks.html,41.262169,-95.845356Joe Tess Place,5424 S 24th St,Omaha,NE,68107,(402) 731-7278,http://joetessplace.com,41.202787,-95.947408Red Arrow Diner,61 Lowell St,Manchester,NH,3101,(603) 626-1118,http://www.redarrowdiner.com,42.993449,-71.461422Mustache Bill's,8th Ave. & Broadway St.,Barnegat Light,NJ,8005,(609) 494-0155,,39.75762,-74.10624710th Ave Burrito Co,817 Belmar Plaza,Belmar,NJ,7719,(732) 280-1515,http://www.tenthaveburrito.com/,40.180478,-74.026669George's Place,301 Beach Ave,Cape May,NJ,8204,(609) 884-6088,,38.930407,-74.922996Tick Tock Diner,281 Alwood Rd.,Clifton,NJ,7012,(973) 777-0511,http://www.theticktockdiner.com/,40.836944,-74.152094Skylark Diner,Route 1 and Wooding Ave.,Edison,NJ,8817,(732) 777-7878,http://www.skylarkdiner.com,40.509006,-74.391648White Manna Hamburgers,358 River St.,Hackensack,NJ,7601,(201) 342-0914,,40.8892,-74.038396Hightstown Diner,151 Mercer St.,Hightstown,NJ,8520,(609) 443-4600,,40.267883,-74.525392Brownstone Diner,426 Jersey Ave.,Jersey City,NJ,7302,(201) 433-0471,http://www.brownstonediner.com/,40.716744,-74.048576Jefferson Diner,Pathmark Shopping Center Route 15,Lake Hopatcong,NJ,7849,(973) 663-0233,http://www.jeffersondiner.com,40.966251,-74.598472Bayway Diner,2019 S Wood Ave,Linden,NJ,7036,(908) 862-3207,http://baywaycatering.net/,40.620783,-74.235143The Ritz Diner,72 East Mount Pleasant Ave.,Livingston,NJ,7039,(973) 533-1213,,40.796235,-74.312024Quahog's Seafood Shack,206 97th St,Stone Harbor,NJ,8247,(609) 368-6300,http://www.quahogsshack.com/,39.053254,-74.759404Maui's Dog House,806 New Jersey Ave,Wildwood,NJ,8260,(609) 846-0444,http://www.mauisdoghouse.com/,39.003933,-74.798839Cecilia's Cafe,230 6th St SW,Albuquerque,NM,87102,(505) 243-7070,http://www.ceciliascafe.com/,35.083547,-106.654206Monte Carlo Steak House,3916 Central Ave Sw,Albuquerque,NM,87105,(505) 836-9886,http://montecarlosteakhouse.com/joomla/,35.086121,-106.683503Sophia's Place,6313 4th St N.W.,Albuquerque,NM,87107,505-345-3935,,35.149476,-106.63947The Standard Diner,320 Central Ave SE,Albuquerque,NM,87102,505-243-1440,http://www.standarddiner.com/,35.08335,-106.643774Zia's Diner,326 S Guadalupe St,Pojoaque,NM,87501,(505) 988-7008,http://www.ziadiner.com,35.892803,-106.023078Backroad Pizza,1807 2nd St,Santa Fe,NM,87505,(505) 955-9055,http://www.backroadpizza.com/,35.662808,-105.96528Bert's Burger Bowl,235 N Guadalupe St,Santa Fe,NM,87501,(505) 982-0215,http://bertsusa.com/,35.690681,-105.944483Harry's Roadhouse,96 Old Las Vegas Hwy # B,Santa Fe,NM,87505,(505) 989-4629,,35.62648,-105.920724Tecolote Cafe,1203 Cerrillos Rd.,Santa Fe,NM,87505,(505) 988-1362,http://www.tecolotecafe.com,35.67216,-105.96186Tune-Up Cafe,1115 Hickox St,Santa Fe,NM,87505,(505) 983-7060,http://www.tuneupcafe.com,35.681324,-105.958662The Coffee Cup,512 Nevada Hwy,Boulder City,NV,89005,(702) 294-0517,http://www.worldfamouscoffeecup.com/,35.977749,-114.838116Four Kegs Sports Pub,267 N Jones Blvd,Las Vegas,NV,89107,(702) 870-0255,http://www.fourkegs.com,36.175479,-115.224153Dish Cafe & Catering,855 Mill St,Reno,NV,89502,(775) 348-8264,http://www.dishcafecatering.com/,39.525812,-119.799249Gold 'N Silver Inn,790 W 4th St,Reno,NV,89503,(775) 323-2696,http://goldnsilverreno.com/,39.527635,-119.824985Louis' Basque Corner,301 West 4th Street,Reno,NV,89512,(775) 323-7203,,39.529152,-119.818239Mo Gridder's,565 Hunts Point Ave,Bronx,NY,10474,(718) 991-3046,http://www.mogridder.com,40.811793,-73.88354Blackthorn Restaurant & Pub,2134 Seneca St,Buffalo,NY,14210,(716) 825-9327,http://www.blackthornrestaurant.com/,42.85436,-78.808223Lake Effect Diner,3165 Main St,Buffalo,NY,14214,(716) 833-1952,http://www.curtinrestaurants.com/lake-effect-diner.html,42.950247,-78.826468Sophia's Restaurant,749 Military Rd,Buffalo,NY,14216,(716) 447-9661,,42.957745,-78.889082Earl's Drive-In,12139 Olean Rd,Chaffee,NY,14030,(716) 496-5125,,42.547775,-78.475935Tortilleria Nixtamal,104-05 47th Ave,Corona,NY,11368,(718) 699-2434,http://www.tortillerianixtamal.com/index.html,40.745922,-73.859361Grovers Bar & Grill,9160 Transit Rd,East Amherst,NY,14051,(716) 636-1803,,43.018483,-78.697269Eveready Diner,4189 Us-9,Hyde Park,NY,12538,(845) 229-8100,http://www.theevereadydiner.com,41.788318,-73.934688The Mulberry Italian Cafe,64 Jackson Ave,Lackawanna,NY,14218,(716) 822-4292,http://www.mulberrybuffalo.net/,42.813168,-78.842255The Pit Stop,1706 Sunrise Hwy,Merrick,NY,11566,(516) 223-7799,http://www.pitstopeats.com/,40.660166,-73.563114Sage General Store,24-20 Jackson Ave,New York,NY,11101,(718) 361-0707,http://www.sagegeneralstore.com/,40.746162,-73.944298The Sparrow Tavern,24-01 29th Street,New York,NY,11102,(718) 606-2260,http://www.thesparrowtavern.com/,40.772773,-73.916412Pizza Junction,1269 Erie Ave,North Tonawanda,NY,14120,(716) 692-6366,http://thepizzajunction.com/pizza/index.php,43.051209,-78.846703Ben's Best Kosher Deli,96-40 Queens Blvd.,Rego Park,NY,11374,(718) 897-1700,http://www.bensbest.com/,40.729376,-73.861372Hildebrandt's,84 Hillside Ave,Williston Park,NY,11596,(516) 741-0608,http://www.hildebrandtsrestaurant.com/,40.757362,-73.642873Blue Ash Chili Restaurant,9565 Kenwood Rd,Cincinnati,OH,45242,(513) 984-6107,http://www.blueashchili.com/,39.231935,-84.377248Terry's Turf Club,4618 Eastern Ave,Cincinnati,OH,45226,(513) 533-4222,http://terrysturfclub.com/,39.118278,-84.419264Geraci's Restaurant,2266 Warrensville Center Rd,Cleveland,OH,44118,(216) 371-5643,,41.498216,-81.536786Lucky's Cafe,777 Starkweather Ave,Cleveland,OH,44113,(216) 622-7773,http://www.luckyscafe.com/,41.477338,-81.683067Momocho Mod Mex,1835 Fulton Rd,Cleveland,OH,44113,(216) 694-2122,http://www.momocho.com/home.php,41.484004,-81.709808ParkView Nite Club,1261 W 58th St,Cleveland,OH,44102,(216) 961-1341,http://www.parkviewniteclub.com/,41.48871,-81.726048Sterle's Slovenian Country House,1401 E 55th St,Cleveland,OH,44103,(216) 881-4181,http://www.sterlescountryhouse.com,41.520771,-81.651582Melt Bar and Grilled,14718 Detroit Ave,Lakewood,OH,44107,(216) 226-3699,http://www.meltbarandgrilled.com/home.html,41.485345,-81.799047The Diner,213 E Main St,Norman,OK,73069,(405) 329-6642,,35.221985,-97.441426Eischen's Bar,109 N 2nd St,Okarche,OK,73762,(405) 263-9939,,35.725907,-97.975337Cattlemen's Steakhouse,1309 S Agnew Ave,Oklahoma City,OK,73108,(405) 236-0416,http://www.cattlemensrestaurant.com/,35.452384,-97.554838Ingrid's Kitchen,3701 N Youngs Blvd,Oklahoma City,OK,73112,(405) 946-8444,http://www.ingridskitchen.com/Home_Page.html,35.507994,-97.552373Leo's BBQ,3631 N Kelley Ave,Oklahoma City,OK,73111,(405) 424-LEOS,http://www.leosbarbequeokc.com/,35.507415,-97.494686Mama E's Wings & Waffles,3838 Springlake Dr,Oklahoma City,OK,73111,(405) 424-0800,,35.509399,-97.492277Nic's Grill,1201 N Pennsylvania Ave,Oklahoma City,OK,73107,(405) 524-0999,,35.480928,-97.548119The Rock Cafe,114 W. Main St.,Stroud,OK,74079,(918) 968-3990,http://www.rockcaferoute66.com,35.748807,-96.654499Clanton's Cafe,319 E. Illinois Ave.,Vinita,OK,74301,(918) 256-9053,http://www.clantonscafe.com,36.637372,-95.151357Arleta Library Bakery and Cafe,5513 SE 72nd Ave,Portland,OR,97206,(503) 774-4470,http://www.arletalibrary.com/,45.482768,-122.589478Blueplate Lunch Counter and Soda Fountain,308 SW Washington St,Portland,OR,97204,(503) 295-2583,http://www.eatatblueplate.com,45.519569,-122.675257Bunk Sandwiches,621 SE Morrison St,Portland,OR,97214,(503) 477-9515,http://www.bunksandwiches.com,45.51743,-122.659143Byways Cafe,1212 NW Glisan St,Portland,OR,97209,(503) 221-0011,http://www.bywayscafe.com/,45.526319,-122.68362Otto's Sausage,4138 SE Woodstock Blvd,Portland,OR,97202,(503) 771-6714,https://www.ottossausage.com/,45.478945,-122.619763Pine State Biscuits,3540 SE Belmont St,Portland,OR,97214,(503) 236-3346,http://www.pinestatebiscuits.com,45.51643,-122.626698Podnah's Pit Barbeque,1469 NE Prescott St,Portland,OR,97211,(503) 281-3700,http://www.podnahspit.com/,45.555572,-122.650152Pok Pok Restaurant,3226 SE Division St,Portland,OR,97202,(503) 232-1387,http://pokpokpdx.com/,45.504577,-122.632112Starlite Lounge,364 Freeport Road,Blawnox,PA,15238,412-828-9842,http://www.moondogs.us/StarliteHome.html,40.494019,-79.860289Lo Bello's Spaghetti House,809 Fifth Avenue,Coraopolis,PA,15108,412-264-9721,http://www.lobellosspaghettihouse.com/,40.519833,-80.169803Daddypops,232 S York Rd.,Hatboro,PA,19040,(215) 675-9717,,40.173611,-75.107521The Pineville Tavern,413 Pineville Rd,New Hope,PA,18938,(215) 598-3890,http://www.pinevilletavern.com/,40.295895,-75.005828Good Dog Bar,224 S 15th St,Philadelphia,PA,19102,(215) 985-9600,http://www.gooddogbar.com/,39.948781,-75.16632Honey's Sit 'n Eat,800 N 4th St,Philadelphia,PA,19123,(215) 925-1150,http://www.honeys-restaurant.com/,39.963914,-75.144527Memphis Taproom,2331 E Cumberland St,Philadelphia,PA,19125,(215) 425-4460,http://www.memphistaproom.com/,39.980369,-75.123015Silk City Diner,435 Spring Garden St,Philadelphia,PA,19123,(717) 335-3833,http://www.silkcityphilly.com/,39.961331,-75.146021The Dining Car & Market,8826 Frankford Ave.,Philadelphia,PA,19136,(215) 338-5113,http://www.thediningcar.com/,40.050142,-75.011106Big Jim's Restaurant & Bar,201 Saline St,Pittsburgh,PA,15207,(412) 421-0532,,40.427099,-79.949553Crystal Restaurant,1211 Penn Avenue,Pittsburgh,PA,15222,412-434-0480,http://www.crystalonpenn.com/,40.446127,-79.992238Dor-Stop Restaurant,1430 Potomac Ave,Pittsburgh,PA,15216,(412) 561-9320,http://www.dor-stoprestaurant.com/,40.396012,-80.034727Kelly O's Diner,1130 Perry Hwy,Pittsburgh,PA,15237,(412) 364-0473,http://www.kellyosdiner.com/index.html,40.54793,-80.035458Nadine's Restaurant,19 S 27th St,Pittsburgh,PA,15203,(412) 481-1793,http://www.nadinesbar.com/,40.426387,-79.967209Crazy Burger Cafe & Juice Bar,144 Boon St.,Narragansett,RI,2882,(401) 783-1810,http://www.crazyburger.com/,41.426027,-71.459655Liberty Elm Diner,777 Elmwood Ave,Providence,RI,2907,(401) 467-0777,http://libertyelmdiner.com/,41.791036,-71.422634Louis Restaurant,286 Brook St,Providence,RI,2906,(401) 861-5225,http://www.louisrestaurant.org/,41.824643,-71.399099Evelyn's Drive-In,2335 Main Rd.,Tiverton,RI,2878,(401) 624-3100,http://www.evelynsdrivein.com,41.616134,-71.200142Pawley's Front Porch,827 Harden St,Columbia,SC,29205,(803) 771-8001,,34.001025,-81.01724Dixie Supply Bakery & Cafe,62 State St.,Charleston,SC,29401,(843) 722-5650 ,http://www.dixiecafecharleston.com/,32.780309,-79.928071Fuel Cantina,211 Rutledge Ave.,Charleston,SC,29403,(843) 737-5959,http://www.fuelcharleston.com/,32.789266,-79.947184Tattooed Moose,1137 Morrison Dr.,Charleston,SC,29403,(843) 277-2990,http://www.tattooedmoose.com,32.811371,-79.949359The Early Bird Diner,1644 Savannah Hwy.,Charleston,SC,29407,(843) 277-2353,http://www.earlybirddiner.com,32.787324,-80.01402The Glass Onion,1219 Savannah Hwy.,Charleston,SC,29407,(843) 225-1717,http://www.ilovetheglassonion.com,32.7838,-79.998069Harold's Restaurant,602 N Limestone St,Gaffney,SC,29340,(864) 489-9153,http://www.haroldsrestaurant.com/,35.076543,-81.646002Farmer's Shed,2514 Augusta Hwy,Lexington,SC,29072,(803) 996-9122,http://www.farmersshed.com/,33.979047,-81.311723The Beacon Drive-In,255 John B White Sr Blvd,Spartanburg,SC,29306,(864) 585-9387,http://www.beacondrivein.com,34.940268,-81.943196Cafe Rakka,71 New Shackle Island Rd,Hendersonville,TN,37075,(615) 824-6264,http://caferakka.com/default.aspx,36.304337,-86.63588Pizza Palace,3132 E Magnolia Ave Ne,Knoxville,TN,37914,(865) 524-4388,http://www.visitpizzapalace.com/,35.994852,-83.885777Alcenia's,317 N Main St,Memphis,TN,38103,(901) 523-0200,,35.153601,-90.049697Cozy Corner,745 N Parkway,Memphis,TN,38105,(901) 527-9158,http://www.cozycornerbarbecue.com,35.150924,-89.981419Leonard's BBQ,5465 Fox Plaza Drive,Memphis,TN,38115,901-360-1963,http://www.leonardsbarbecue.com,35.07404,-89.881416Little Tea Shop,69 Monroe Avenue,Memphis,TN,38103,(901) 525-6000,,35.144245,-90.054185Marlowe's Ribs,4381 Elvis Presley Blvd,Memphis,TN,38116,901-332-4159,http://www.marlowesmemphis.com,35.028986,-90.025559Tom's Bar-B-Q,4087 New Getwell Rd,Memphis,TN,38118,(901) 365-6690,http://www.tomsbarbq.com,35.036989,-89.937458Uncle Lou's,3633 Millbranch Road,Memphis,TN,38116,(901) 332-2367,http://unclelousfriedchicken.com/home.php,35.049512,-90.007937Arnold's Country Kitchen,605 8th Ave S,Nashville,TN,37203,(615) 256-4455,,36.151466,-86.779609Athens Family Restaurant,2526 Franklin Pike,Nashville,TN,37204,(615) 383-2848,http://athensfamilyrestaurant.com/,36.123306,-86.775861Bro's Cajun Cuisine,3214 Charlotte Ave,Nashville,TN,37209,(615) 329-2626,http://www.broscajuncuisine.com/,36.153247,-86.823405Jamaica Way Restaurant & Catering,900 Rosa L Parks Blvd,Nashville,TN,37208,(615) 255-5920,,36.169442,-86.78794Savarino's Cucina,2121 Belcourt Ave,Nashville,TN,37212,(615) 460-9878,http://www.facebook.com/pages/Nashville-TN/Savarinos-Cucina/323399606608?v=wall,36.136525,-86.802762Martin's BBQ Joint,7238 Nolensville Rd,Nolensville,TN,37135,(615) 776-1856,http://www.martinsbbqjoint.com/,35.960974,-86.672336Texas Pride BBQ,2980 E Loop 1604,Adkins,TX,78101,210-649-3730,http://www.texaspridebbq.com,29.393558,-98.238788Jamaica Gates Caribbean Cuisine,1020 W Arkansas Ln,Arlington,TX,76013,(817) 795-2600,http://www.jamaicagates.com,32.706095,-97.119118Prince Lebanese Grill,502 W Randol Mill Rd,Arlington,TX,76011,(817) 469-1811,,32.749758,-97.111803Casino El Camino,517 E 6th St.,Austin,TX,78701,512-469-9330,http://www.casinoelcamino.net,30.266406,-97.73769Green Mesquite,1400 Barton Springs Rd,Austin,TX,78704,(512) 479-0485,http://www.greenmesquite.net,30.261492,-97.759233Magnolia Cafe,1920 S Congress Ave,Austin,TX,78704,(512) 445-0000,http://themagnoliacafe.com/,30.24448,-97.751951Maria's Taco Express,2529 S. Lamar Blvd.,Austin,TX,78704,(512) 444-0261,http://www.tacoxpress.com,30.245909,-97.778358Hullabaloo Diner,15045 FM 2154 Rd,College Station,TX,77845,(979) 690-3002,http://www.HullabalooDiner.com,30.53211,-96.300815Avila's,4714 Maple Ave,Dallas,TX,75219,(214) 520-2700,http://www.avilasrestaurant.com/,32.814245,-96.825427Louie's,1501 N Henderson Ave,Dallas,TX,75206,(214) 826-0505,,32.807673,-96.770194Twisted Root Burger Co.,2615 Commerce St,Dallas,TX,75226,(214) 741-7668,http://www.twistedrootburgerco.com/,32.783013,-96.785495Chef Point Cafe,5901 Watauga Rd,Fort Worth,TX,76148,(817) 656-0080,http://www.chefpointcafe.org/,32.86098,-97.253542Fred's Texas Cafe,915 Currie St,Fort Worth,TX,76107,(817) 332-0083,http://www.fredstexascafe.com,32.749586,-97.358176Cafe Pita + Bosnian Restaurant,10890 Westheimer Rd,Houston,TX,77042,(713) 581-8261,http://cafepita.weebly.com,29.736896,-95.568051Kenny & Ziggy's Deli,2327 Post Oak Blvd,Houston,TX,77056,(713) 871-8883,http://www.kennyandziggys.com,29.741721,-95.46096Lankford Grocery & Market,88 Dennis St,Houston,TX,77006,(713) 522-9555,http://www.lankfordgrocery.com/,29.750046,-95.383869Niko Niko's,2520 Montrose Blvd,Houston,TX,77006,(713) 528-0966,http://www.nikonikos.com,29.746483,-95.392196The Red Lion Pub,2316 S Shepherd Dr,Houston,TX,77019,(713) 782-3030,http://www.redlionhouston.com,29.745606,-95.410976T-Bone Tom's Steakhouse,707 Hwy 146,Kemah,TX,77565,(281) 334-2133,http://www.tbonetoms.com,29.541789,-95.019817Bob's Taco Station,1901 Avenue H,Rosenberg,TX,77471,(281) 232-8555,http://www.bobstacos.com,29.558473,-95.80758Beto's on Broadway,8142 Broadway St,San Antonio,TX,78209,(210) 930-9393,http://betosinfo.com/,29.511277,-98.465916Bun 'n' Barrel,1150 Austin Hwy,San Antonio,TX,78209,(210) 828-2829,http://www.bunnbarrel.com/,29.48671,-98.447623Dough Pizzeria Napoletana,6989 Blanco Rd,San Antonio,TX,78213,(210) 979-6565,http://www.doughpizzeria.com/,29.519345,-98.507484El Bohio Restaurant,1127 Harry Wurzbach Rd,San Antonio,TX,78209,(210) 822-8075,http://www.facebook.com/pages/El-Bohio-Restaurant-San-Antonio/346096940791,29.469804,-98.438695Moroccan Bites,5714 Evers Rd,San Antonio,TX,78238,(210) 706-9700,http://www.moroccanbitescuisine.com/,29.488981,-98.598141Taco Taco Cafe,145 E Hildebrand Ave,San Antonio,TX,78212,(210) 822-9533,http://www.tacotacosa.com/,29.466706,-98.492265The Cove,606 W. Cypress St.,San Antonio,TX,78212,(210) 227-2683,http://www.thecove.us,29.440457,-98.50055The Magnolia Pancake Haus,606 Embassy Oaks,San Antonio,TX,78216,(210) 496-0828,http://www.magnoliapancakehaus.com/,29.564561,-98.48948Tip Top Cafe,2814 Fredericksburg Rd.,San Antonio,TX,78201,210-732-0191,http://www.tiptopcafe.com,29.470217,-98.531241Mac & Ernie's,Williams' Creek Depot - FM 470,Tarpley,TX,78883,(830) 562-3250,http://www.macandernies.com,29.65717,-99.27643Louie Mueller BBQ,206 W 2nd St,Taylor,TX,76574,(512) 352-6206,http://www.louiemuellerbarbeque.com,30.568827,-97.411098Burger Bar,5291 S 1900 W,Roy,UT,84067,(801) 825-8961,,41.167621,-112.026386Blue Plate Diner,2041 E 2100 S,Salt Lake City,UT,84108,(801) 463-1151,http://theblueplatediner.com/,40.725509,-111.831972Lone Star Taqueria,2265 Fort Union Boulevard,Salt Lake City,UT,84121,(801) 944-2300,http://www.lonestartaqueria.com/LONESTAR/Home.html,40.624293,-111.825813Moochie's Meatballs & More,232 E 800 S,Salt Lake City,UT,84111,801-364-0232,http://www.moochiesmeatballs.com,40.751672,-111.884107Pat's BBQ,155 W Commonwealth Ave,Salt Lake City,UT,84115,(801) 484-5963,http://www.patsbbq.com,40.72435,-111.895505Red Iguana,736 W North Temple,Salt Lake City,UT,84116,801-322-1489,http://www.rediguana.com,40.771914,-111.91249Ruth's Diner,2100 Emigration Canyon,Salt Lake City,UT,84108,801-582-5807,http://www.ruthsdiner.com,40.785756,-111.71636Metro 29 Diner,4711 Lee Hwy,Arlington,VA,22207,(703) 528-2464,,38.898077,-77.122904La Caraquena,300 W Broad St,Falls Church,VA,22046,(703) 533-0076,http://www.lacaraquena.com/,38.884204,-77.173704Doumar's,1919 Monticello Ave.,Norfolk,VA,23517,(757) 627-4163,http://www.doumars.com,36.866164,-76.284848Get Fresh Cafe,2500 Church St,Norfolk,VA,23504,(757) 966-6577,http://www.5ptsfarmmarket.org/home/index.php?option=com_content&view=article&id=72&itemid=82,36.869699,-76.279304Harvey's Hot Dogs,3205 Stamford Rd,Portsmouth,VA,23703,(757) 483-0613,,36.860942,-76.390675Moseberth's Chicken,1505 Airline Blvd,Portsmouth,VA,23707,(757) 393-1721,http://www.moseberths.com/,36.826163,-76.347524Captain Chuck A Mucks,21088 Marina Road,Rescue,VA,23424,757-356-1005,http://www.captainchuck-a-mucks.com,36.994804,-76.561927Dott's Back Inn,4030 Macarthur Ave.,Richmond,VA,23227,(804) 266-3167,http://www.dotsback.com/,37.58992,-77.458577The Village Cafe,1001 W Grace St.,Richmond,VA,23220,(804) 353-8204,http://www.villagecafeonline.com,37.550889,-77.453397Citrus,2265 W Great Neck Rd,Virginia Beach,VA,23451,(757) 227-3333,,36.910456,-76.071517Flip Flops Grill + Chill,2217 Upton Dr,Virginia Beach,VA,23454,(757) 427-3547,http://www.flipflopsvb.com/,36.756198,-76.010379The Beach Pub,1001 Laskin Rd,Virginia Beach,VA,23451,(757) 422-8817,,36.856691,-75.990782Whitner's Barbecue,869 Lynnhaven Pkwy,Virginia Beach,VA,23452,(757) 689-8215,http://www.whitnersbbq.com/,36.812396,-76.071578Virginia Diner,U.S. Route 460,Wakefield,VA,23888,(757) 899-3106,http://www.vadiner.com,38.788435,-77.233009Big Star Diner,305 Madison Ave N,Bainbridge Island,WA,98110,(206) 842-5786,,47.626879,-122.521201Bobby's Hawaiian Style Restaurant,1011 Hewitt Ave. W.,Everett,WA,98201,(425) 259-1338,http://www.bobbyshawaiianstylerestaurant.com,47.979598,-122.216454Bizzaro Italian Cafe,1307 N 46th St,Seattle,WA,98103,(206) 632-7277,http://www.bizzarroitaliancafe.com,47.661952,-122.341671Georgia's Greek Deli,323 NW 85th St,Seattle,WA,98117,(206) 783-1228,http://www.georgiasgreekrestaurant.com,47.690609,-122.361007Mike's Chili Parlor,1447 N.W. Ballard Way,Seattle,WA,98107,(206) 782-2808,http://www.mikeschiliparlor.com,47.662754,-122.375752Pam's Trinidadian-Caribbean Kitchen,5000 University Way NE,Seattle,WA,98105,(206) 696-7010,http://www.pams-kitchen.com,47.665008,-122.312771Slim's Last Chance Chili Shack,5606 1st Ave S,Seattle,WA,98108,(206) 762-7900,http://www.slimslastchance.com/,47.552481,-122.333903Voula's Offshore Cafe,658 NE Northlake Way,Seattle,WA,98105,(206) 634-0183,http://www.voulasoffshore.com,47.654798,-122.321494Chaps Coffee Co,4235 S Cheney Spokane Rd,Spokane,WA,99224,(509) 624-4182,http://www.chapsgirl.com/home/index.html,47.614996,-117.430181Elk Public House,1931 W Pacific Ave,Spokane,WA,99201,(509) 363-1973,http://www.wedonthaveone.com/elk_menu.htm,47.655279,-117.441405Hills' Restaurant and Lounge,401 W Main Ave,Spokane,WA,99201,(509) 747-3946,http://www.hillsrestaurantandlounge.com/,47.658786,-117.418364Picabu Neighborhood Bistro,901 W 14th Ave,Spokane,WA,99203,(509) 624-2464,http://www.picabu-bistro.com/,47.642667,-117.42446Waddell's Neighborhood Pub,4318 S Regal St,Spokane,WA,99223,(509) 443-6500,http://www.waddellspubandgrill.com/,47.614437,-117.369356Southern Kitchen,1716 6th Ave,Tacoma,WA,98405,(253)627-4282,,47.255883,-122.462332Frank's Diner,508 58th St,Kenosha,WI,53140,(262) 657-1017,http://www.franksdinerkenosha.com,42.583361,-87.817521Cempazuchi,1205 E Brady St,Milwaukee,WI,53202,(414) 291-5233,http://www.cempazuchi.com,43.052821,-87.896665Comet Cafe,1947 N Farwell Ave,Milwaukee,WI,53202,(414) 273-7677,http://www.thecometcafe.com/,43.056132,-87.889599Anchor Bar and Grill,413 Tower Ave,Superior,WI,54880,(715) 394-9747,http://anchorbar.freeservers.com/,46.733305,-92.104131Central City Cafe,529 14th St. W.,Huntington,WV,25704,304-522-6142,,38.411376,-82.479398Hillbilly Hot Dogs,6591 Ohio River Rd.,Lesage,WV,25537,(304) 762-2458,http://www.hillbillyhotdogs.com,38.486747,-82.301173